-- phpMyAdmin SQL Dump
-- version 4.7.7
-- https://www.phpmyadmin.net/
--
-- Host: localhost
-- Generation Time: Aug 03, 2018 at 09:21 AM
-- Server version: 10.1.30-MariaDB
-- PHP Version: 5.6.33

SET SQL_MODE = "NO_AUTO_VALUE_ON_ZERO";
SET AUTOCOMMIT = 0;
START TRANSACTION;
SET time_zone = "+00:00";


/*!40101 SET @OLD_CHARACTER_SET_CLIENT=@@CHARACTER_SET_CLIENT */;
/*!40101 SET @OLD_CHARACTER_SET_RESULTS=@@CHARACTER_SET_RESULTS */;
/*!40101 SET @OLD_COLLATION_CONNECTION=@@COLLATION_CONNECTION */;
/*!40101 SET NAMES utf8mb4 */;

--
-- Database: `proyek1`
--

-- --------------------------------------------------------

--
-- Stand-in structure for view `exchange_rate`
-- (See below for the actual view)
--
CREATE TABLE `exchange_rate` (
`ID_SOURCE` int(11)
,`SOURCE` varchar(50)
,`KODE` varchar(5)
,`MATA_UANG` varchar(100)
,`NILAI` int(11)
,`TANGGAL` datetime
,`KURS_JUAL` decimal(13,4)
,`KURS_BELI` decimal(13,4)
,`KURS_TENGAH` decimal(13,4)
);

-- --------------------------------------------------------

--
-- Table structure for table `ex_rate`
--

CREATE TABLE `ex_rate` (
  `id_source` int(11) NOT NULL,
  `kode_matauang` varchar(5) NOT NULL,
  `tanggal` datetime NOT NULL,
  `nilai` int(11) NOT NULL,
  `kurs_jual` decimal(13,4) NOT NULL,
  `kurs_beli` decimal(13,4) NOT NULL,
  `kurs_tengah` decimal(13,4) NOT NULL
) ENGINE=InnoDB DEFAULT CHARSET=latin1;

--
-- Dumping data for table `ex_rate`
--

INSERT INTO `ex_rate` (`id_source`, `kode_matauang`, `tanggal`, `nilai`, `kurs_jual`, `kurs_beli`, `kurs_tengah`) VALUES
(1, 'AUD  ', '2018-07-31 06:52:49', 1, '10749.3200', '10635.2900', '10692.3050'),
(1, 'AUD  ', '2018-08-01 05:12:34', 1, '10749.3200', '10635.2900', '10692.3050'),
(1, 'AUD  ', '2018-08-02 02:33:18', 1, '10767.9400', '10659.6700', '10713.8050'),
(1, 'BND  ', '2018-07-31 06:52:49', 1, '10641.3500', '10529.3700', '10585.3600'),
(1, 'BND  ', '2018-08-01 05:12:34', 1, '10641.3500', '10529.3700', '10585.3600'),
(1, 'BND  ', '2018-08-02 02:33:18', 1, '10661.8700', '10552.2100', '10607.0400'),
(1, 'CAD  ', '2018-07-31 06:52:49', 1, '11090.2700', '10976.6600', '11033.4650'),
(1, 'CAD  ', '2018-08-01 05:12:34', 1, '11090.2700', '10976.6600', '11033.4650'),
(1, 'CAD  ', '2018-08-02 02:33:18', 1, '11159.4600', '11045.3500', '11102.4050'),
(1, 'CHF  ', '2018-07-31 06:52:49', 1, '14668.3500', '14516.6500', '14592.5000'),
(1, 'CHF  ', '2018-08-01 05:12:34', 1, '14668.3500', '14516.6500', '14592.5000'),
(1, 'CHF  ', '2018-08-02 02:33:18', 1, '14641.3800', '14491.7300', '14566.5550'),
(1, 'CNH  ', '2018-07-31 06:52:49', 1, '2118.9600', '2097.2800', '2108.1200'),
(1, 'CNH  ', '2018-08-01 05:12:34', 1, '2118.9600', '2097.2800', '2108.1200'),
(1, 'CNH  ', '2018-08-02 02:33:18', 1, '2130.2500', '2108.2400', '2119.2450'),
(1, 'CNY  ', '2018-07-31 06:52:50', 1, '2124.9900', '2103.8700', '2114.4300'),
(1, 'CNY  ', '2018-08-01 05:12:34', 1, '2124.9900', '2103.8700', '2114.4300'),
(1, 'CNY  ', '2018-08-02 02:33:18', 1, '2125.2500', '2104.1700', '2114.7100'),
(1, 'DKK  ', '2018-07-31 06:52:50', 1, '2277.2700', '2253.9200', '2265.5950'),
(1, 'DKK  ', '2018-08-01 05:12:34', 1, '2277.2700', '2253.9200', '2265.5950'),
(1, 'DKK  ', '2018-08-02 02:33:18', 1, '2276.4200', '2253.4800', '2264.9500'),
(1, 'EUR  ', '2018-07-31 06:52:50', 1, '16961.9400', '16787.5700', '16874.7550'),
(1, 'EUR  ', '2018-08-01 05:12:34', 1, '16961.9400', '16787.5700', '16874.7550'),
(1, 'EUR  ', '2018-08-02 02:33:18', 1, '16961.0600', '16791.3500', '16876.2050'),
(1, 'GBP  ', '2018-07-31 06:52:50', 1, '19008.6700', '18815.3900', '18912.0300'),
(1, 'GBP  ', '2018-08-01 05:12:34', 1, '19008.6700', '18815.3900', '18912.0300'),
(1, 'GBP  ', '2018-08-02 02:33:18', 1, '19036.5600', '18840.5100', '18938.5350'),
(1, 'HKD  ', '2018-07-31 06:52:50', 1, '1845.6200', '1827.2500', '1836.4350'),
(1, 'HKD  ', '2018-08-01 05:12:34', 1, '1845.6200', '1827.2500', '1836.4350'),
(1, 'HKD  ', '2018-08-02 02:33:18', 1, '1849.1100', '1830.6900', '1839.9000'),
(1, 'JPY  ', '2018-07-31 06:52:50', 100, '13049.5500', '12916.3300', '12982.9400'),
(1, 'JPY  ', '2018-08-01 05:12:34', 100, '13049.5500', '12916.3300', '12982.9400'),
(1, 'JPY  ', '2018-08-02 02:33:18', 100, '12980.9500', '12847.5600', '12914.2550'),
(1, 'KRW  ', '2018-07-31 06:52:50', 1, '12.9400', '12.8100', '12.8750'),
(1, 'KRW  ', '2018-08-01 05:12:34', 1, '12.9400', '12.8100', '12.8750'),
(1, 'KRW  ', '2018-08-02 02:33:18', 1, '12.9900', '12.8500', '12.9200'),
(1, 'KWD  ', '2018-07-31 06:52:50', 1, '47868.4700', '47298.8100', '47583.6400'),
(1, 'KWD  ', '2018-08-01 05:12:34', 1, '47868.4700', '47298.8100', '47583.6400'),
(1, 'KWD  ', '2018-08-02 02:33:18', 1, '47964.3100', '47394.4600', '47679.3850'),
(1, 'LAK  ', '2018-07-31 06:52:50', 1, '1.7200', '1.7000', '1.7100'),
(1, 'LAK  ', '2018-08-01 05:12:34', 1, '1.7200', '1.7000', '1.7100'),
(1, 'LAK  ', '2018-08-02 02:33:18', 1, '1.7200', '1.7000', '1.7100'),
(1, 'MYR  ', '2018-07-31 06:52:50', 1, '3565.9800', '3526.1900', '3546.0850'),
(1, 'MYR  ', '2018-08-01 05:12:34', 1, '3565.9800', '3526.1900', '3546.0850'),
(1, 'MYR  ', '2018-08-02 02:33:18', 1, '3574.8800', '3535.0600', '3554.9700'),
(1, 'NOK  ', '2018-07-31 06:52:50', 1, '1781.5600', '1762.7700', '1772.1650'),
(1, 'NOK  ', '2018-08-01 05:12:34', 1, '1781.5600', '1762.7700', '1772.1650'),
(1, 'NOK  ', '2018-08-02 02:33:18', 1, '1778.6300', '1760.2500', '1769.4400'),
(1, 'NZD  ', '2018-07-31 06:52:50', 1, '9878.7700', '9774.8300', '9826.8000'),
(1, 'NZD  ', '2018-08-01 05:12:34', 1, '9878.7700', '9774.8300', '9826.8000'),
(1, 'NZD  ', '2018-08-02 02:33:18', 1, '9875.3300', '9771.6000', '9823.4650'),
(1, 'PGK  ', '2018-07-31 06:52:50', 1, '4512.0800', '4252.1100', '4382.0950'),
(1, 'PGK  ', '2018-08-01 05:12:34', 1, '4512.0800', '4252.1100', '4382.0950'),
(1, 'PGK  ', '2018-08-02 02:33:18', 1, '4521.1100', '4231.9700', '4376.5400'),
(1, 'PHP  ', '2018-07-31 06:52:50', 1, '272.1900', '269.4500', '270.8200'),
(1, 'PHP  ', '2018-08-01 05:12:34', 1, '272.1900', '269.4500', '270.8200'),
(1, 'PHP  ', '2018-08-02 02:33:18', 1, '273.4100', '270.3900', '271.9000'),
(1, 'SAR  ', '2018-07-31 06:52:50', 1, '3862.3600', '3823.8600', '3843.1100'),
(1, 'SAR  ', '2018-08-01 05:12:34', 1, '3862.3600', '3823.8600', '3843.1100'),
(1, 'SAR  ', '2018-08-02 02:33:18', 1, '3870.0900', '3831.5900', '3850.8400'),
(1, 'SEK  ', '2018-07-31 06:52:50', 1, '1654.6500', '1637.4600', '1646.0550'),
(1, 'SEK  ', '2018-08-01 05:12:34', 1, '1654.6500', '1637.4600', '1646.0550'),
(1, 'SEK  ', '2018-08-02 02:33:18', 1, '1650.8800', '1633.9900', '1642.4350'),
(1, 'SGD  ', '2018-07-31 06:52:50', 1, '10641.3500', '10529.3700', '10585.3600'),
(1, 'SGD  ', '2018-08-01 05:12:34', 1, '10641.3500', '10529.3700', '10585.3600'),
(1, 'SGD  ', '2018-08-02 02:33:18', 1, '10661.8700', '10552.2100', '10607.0400'),
(1, 'THB  ', '2018-07-31 06:52:50', 1, '434.8500', '430.4000', '432.6250'),
(1, 'THB  ', '2018-08-01 05:12:34', 1, '434.8500', '430.4000', '432.6250'),
(1, 'THB  ', '2018-08-02 02:33:18', 1, '437.8300', '433.2200', '435.5250'),
(1, 'USD  ', '2018-07-31 06:52:50', 1, '14485.0000', '14341.0000', '14413.0000'),
(1, 'USD  ', '2018-08-01 05:12:34', 1, '14485.0000', '14341.0000', '14413.0000'),
(1, 'USD  ', '2018-08-02 02:33:18', 1, '14514.0000', '14370.0000', '14442.0000'),
(1, 'VND  ', '2018-07-31 06:52:50', 1, '0.6200', '0.6200', '0.6200'),
(1, 'VND  ', '2018-08-01 05:12:34', 1, '0.6200', '0.6200', '0.6200'),
(1, 'VND  ', '2018-08-02 02:33:18', 1, '0.6200', '0.6200', '0.6200'),
(2, 'AUD', '2018-07-31 09:03:15', 1, '0.0000', '0.0000', '1.0107'),
(2, 'AUD', '2018-08-01 05:12:57', 1, '0.0000', '0.0000', '1.0107'),
(2, 'EUR', '2018-07-31 09:03:15', 1, '0.0000', '0.0000', '1.5944'),
(2, 'EUR', '2018-08-01 05:12:57', 1, '0.0000', '0.0000', '1.5944'),
(2, 'IDR', '2018-07-31 09:03:15', 100, '0.0000', '0.0000', '0.0094'),
(2, 'IDR', '2018-08-01 05:12:57', 100, '0.0000', '0.0000', '0.0094'),
(2, 'USD', '2018-07-31 09:03:15', 1, '0.0000', '0.0000', '1.3619'),
(2, 'USD', '2018-08-01 05:12:57', 1, '0.0000', '0.0000', '1.3619'),
(3, 'AUD', '2018-07-31 06:53:23', 1, '5.7461', '5.9027', '5.8244'),
(3, 'AUD', '2018-08-01 05:12:49', 1, '5.7419', '5.8983', '5.8201'),
(3, 'CAD', '2018-07-31 06:53:23', 1, '5.9254', '6.0929', '6.0092'),
(3, 'CAD', '2018-08-01 05:12:49', 1, '5.9473', '6.1154', '6.0314'),
(3, 'CHF', '2018-07-31 06:53:23', 1, '7.8385', '8.0533', '7.9459'),
(3, 'CHF', '2018-08-01 05:12:49', 1, '7.8075', '8.0215', '7.9145'),
(3, 'CNY', '2018-07-31 06:53:23', 1, '1.1338', '1.1632', '1.1485'),
(3, 'CNY', '2018-08-01 05:12:49', 1, '1.1358', '1.1652', '1.1505'),
(3, 'EUR', '2018-07-31 06:53:23', 1, '9.0654', '9.3159', '9.1907'),
(3, 'EUR', '2018-08-01 05:12:49', 1, '9.0461', '9.2961', '9.1711'),
(3, 'GBP', '2018-07-31 06:53:23', 1, '10.1080', '10.4940', '10.3010'),
(3, 'GBP', '2018-08-01 05:12:49', 1, '10.0990', '10.4840', '10.2915'),
(3, 'JPY', '2018-07-31 06:53:23', 1, '0.0696', '0.0717', '0.0706'),
(3, 'JPY', '2018-08-01 05:12:49', 1, '0.0691', '0.0712', '0.0702'),
(3, 'MYR', '2018-07-31 06:53:23', 1, '1.7855', '2.0855', '1.9355'),
(3, 'MYR', '2018-08-01 05:12:49', 1, '1.7855', '2.0855', '1.9355'),
(3, 'NZD', '2018-07-31 06:53:23', 1, '5.2705', '5.4345', '5.3525'),
(3, 'NZD', '2018-08-01 05:12:49', 1, '5.2555', '5.4195', '5.3375'),
(3, 'PHP', '2018-07-31 06:53:23', 1, '0.1440', '0.1585', '0.1513'),
(3, 'PHP', '2018-08-01 05:12:49', 1, '0.1440', '0.1585', '0.1513'),
(3, 'SGD', '2018-07-31 06:53:23', 1, '5.6785', '5.8465', '5.7625'),
(3, 'SGD', '2018-08-01 05:12:49', 1, '5.6815', '5.8500', '5.7658'),
(3, 'THB', '2018-07-31 06:53:24', 1, '0.2212', '0.2502', '0.2357'),
(3, 'THB', '2018-08-01 05:12:49', 1, '0.2222', '0.2513', '0.2368'),
(3, 'USD', '2018-07-31 06:53:23', 1, '7.7851', '7.9119', '7.8485'),
(3, 'USD', '2018-08-01 05:12:49', 1, '7.7859', '7.9128', '7.8494');

-- --------------------------------------------------------

--
-- Table structure for table `import`
--

CREATE TABLE `import` (
  `id` int(11) NOT NULL,
  `cl` int(11) NOT NULL,
  `exrate` varchar(10) NOT NULL,
  `from_curr` varchar(10) NOT NULL,
  `to_curr` varchar(10) NOT NULL,
  `valid` date NOT NULL,
  `exch` decimal(13,5) NOT NULL,
  `ratio` int(11) NOT NULL,
  `ratio_b` int(11) NOT NULL
) ENGINE=InnoDB DEFAULT CHARSET=latin1;

--
-- Dumping data for table `import`
--

INSERT INTO `import` (`id`, `cl`, `exrate`, `from_curr`, `to_curr`, `valid`, `exch`, `ratio`, `ratio_b`) VALUES
(1, 100, 'M', 'AUD', 'USD', '2018-07-27', '0.73835', 0, 0),
(2, 100, 'M', 'CAD', 'IDR', '2018-07-27', '11.08577', 0, 0),
(3, 100, 'M', 'CAD', 'USD', '2018-07-27', '0.76543', 0, 0),
(4, 100, 'M', 'CHF', 'IDR', '2018-07-27', '14.57484', 0, 0),
(5, 100, 'M', 'CHF', 'USD', '2018-07-27', '1.00634', 0, 0),
(6, 100, 'M', 'CNY', 'IDR', '2018-07-27', '2.13167', 0, 0),
(7, 100, 'M', 'CNY', 'USD', '2018-07-27', '0.14718', 0, 0),
(8, 100, 'M', 'EUR', 'HKD', '2018-07-27', '9.14182', 0, 0),
(9, 100, 'M', 'EUR', 'IDR', '2018-07-27', '16.87054', 0, 0),
(10, 100, 'M', 'EUR', 'SGD', '2018-07-27', '1.58810', 0, 0),
(11, 100, 'M', 'EUR', 'USD', '2018-07-27', '1.16485', 0, 0),
(12, 100, 'M', 'GBP', 'IDR', '2018-07-27', '18.98433', 0, 0),
(13, 100, 'M', 'GBP', 'USD', '2018-07-27', '1.31080', 0, 0),
(14, 100, 'M', 'HKD', 'EUR', '2018-07-27', '0.10939', 0, 0),
(15, 100, 'M', 'HKD', 'IDR', '2018-07-27', '1.84543', 0, 0),
(16, 100, 'M', 'HKD', 'USD', '2018-07-27', '0.12742', 0, 0),
(17, 100, 'M', 'JPY', 'IDR', '2018-07-27', '130.47160', 0, 0),
(18, 100, 'M', 'JPY', 'USD', '2018-07-27', '0.00901', 0, 0),
(19, 100, 'M', 'MYR', 'IDR', '2018-07-27', '3.56068', 0, 0),
(20, 100, 'M', 'MYR', 'USD', '2018-07-27', '0.24585', 0, 0),
(21, 100, 'M', 'NOK', 'IDR', '2018-07-27', '1.76959', 0, 0),
(22, 100, 'M', 'NOK', 'USD', '2018-07-27', '0.12218', 0, 0),
(23, 100, 'M', 'NZD', 'IDR', '2018-07-27', '9.81949', 0, 0),
(24, 100, 'M', 'NZD', 'USD', '2018-07-27', '0.67800', 0, 0),
(25, 100, 'M', 'SGD', 'IDR', '2018-07-27', '10.62311', 0, 0),
(26, 100, 'M', 'SGD', 'USD', '2018-07-27', '0.73349', 0, 0),
(27, 100, 'M', 'THB', 'IDR', '2018-07-27', '433.30000', 0, 0),
(28, 100, 'M', 'THB', 'USD', '2018-07-27', '0.02992', 0, 0),
(29, 100, 'M', 'USD', 'IDR', '2018-07-27', '14.48300', 0, 0),
(30, 100, 'M', 'USDN', 'IDR', '2018-07-27', '14.48300', 0, 0),
(31, 100, 'M', 'USDN', 'SGD', '2018-07-27', '1.36335', 0, 0),
(32, 100, 'PES', 'AUD', 'USD', '2018-07-27', '0.73888', 0, 0),
(33, 100, 'PES', 'EUR', 'USD', '2018-07-27', '1.16491', 0, 0),
(34, 100, 'PES', 'SGD', 'USD', '2018-07-27', '0.73389', 0, 0),
(35, 100, 'PES', 'USD', 'IDR', '2018-07-27', '14.46036', 0, 0),
(36, 100, 'PTR', 'AUD', 'USD', '2018-07-27', '0.73888', 0, 0),
(37, 100, 'PTR', 'EUR', 'HKD', '2018-07-27', '9.13700', 0, 0),
(38, 100, 'PTR', 'EUR', 'USD', '2018-07-27', '1.16491', 0, 0),
(39, 100, 'PTR', 'HKD', 'EUR', '2018-07-27', '0.10945', 0, 0),
(40, 100, 'PTR', 'SGD', 'USD', '2018-07-27', '0.73389', 0, 0),
(41, 100, 'PTR', 'USD', 'IDR', '2018-07-27', '14.46036', 0, 0),
(42, 100, 'M', 'AUD', 'USD', '2018-07-27', '0.73835', 0, 0),
(43, 100, 'M', 'CAD', 'IDR', '2018-07-27', '11.08577', 0, 0),
(44, 100, 'M', 'CAD', 'USD', '2018-07-27', '0.76543', 0, 0),
(45, 100, 'M', 'CHF', 'IDR', '2018-07-27', '14.57484', 0, 0),
(46, 100, 'M', 'CHF', 'USD', '2018-07-27', '1.00634', 0, 0),
(47, 100, 'M', 'CNY', 'IDR', '2018-07-27', '2.13167', 0, 0),
(48, 100, 'M', 'CNY', 'USD', '2018-07-27', '0.14718', 0, 0),
(49, 100, 'M', 'EUR', 'HKD', '2018-07-27', '9.14182', 0, 0),
(50, 100, 'M', 'EUR', 'IDR', '2018-07-27', '16.87054', 0, 0),
(51, 100, 'M', 'EUR', 'SGD', '2018-07-27', '1.58810', 0, 0),
(52, 100, 'M', 'EUR', 'USD', '2018-07-27', '1.16485', 0, 0),
(53, 100, 'M', 'GBP', 'IDR', '2018-07-27', '18.98433', 0, 0),
(54, 100, 'M', 'GBP', 'USD', '2018-07-27', '1.31080', 0, 0),
(55, 100, 'M', 'HKD', 'EUR', '2018-07-27', '0.10939', 0, 0),
(56, 100, 'M', 'HKD', 'IDR', '2018-07-27', '1.84543', 0, 0),
(57, 100, 'M', 'HKD', 'USD', '2018-07-27', '0.12742', 0, 0),
(58, 100, 'M', 'JPY', 'IDR', '2018-07-27', '130.47160', 0, 0),
(59, 100, 'M', 'JPY', 'USD', '2018-07-27', '0.00901', 0, 0),
(60, 100, 'M', 'MYR', 'IDR', '2018-07-27', '3.56068', 0, 0),
(61, 100, 'M', 'MYR', 'USD', '2018-07-27', '0.24585', 0, 0),
(62, 100, 'M', 'NOK', 'IDR', '2018-07-27', '1.76959', 0, 0),
(63, 100, 'M', 'NOK', 'USD', '2018-07-27', '0.12218', 0, 0),
(64, 100, 'M', 'NZD', 'IDR', '2018-07-27', '9.81949', 0, 0),
(65, 100, 'M', 'NZD', 'USD', '2018-07-27', '0.67800', 0, 0),
(66, 100, 'M', 'SGD', 'IDR', '2018-07-27', '10.62311', 0, 0),
(67, 100, 'M', 'SGD', 'USD', '2018-07-27', '0.73349', 0, 0),
(68, 100, 'M', 'THB', 'IDR', '2018-07-27', '433.30000', 0, 0),
(69, 100, 'M', 'THB', 'USD', '2018-07-27', '0.02992', 0, 0),
(70, 100, 'M', 'USD', 'IDR', '2018-07-27', '14.48300', 0, 0),
(71, 100, 'M', 'USDN', 'IDR', '2018-07-27', '14.48300', 0, 0),
(72, 100, 'M', 'USDN', 'SGD', '2018-07-27', '1.36335', 0, 0),
(73, 100, 'PES', 'AUD', 'USD', '2018-07-27', '0.73888', 0, 0),
(74, 100, 'PES', 'EUR', 'USD', '2018-07-27', '1.16491', 0, 0),
(75, 100, 'PES', 'SGD', 'USD', '2018-07-27', '0.73389', 0, 0),
(76, 100, 'PES', 'USD', 'IDR', '2018-07-27', '14.46036', 0, 0),
(77, 100, 'PTR', 'AUD', 'USD', '2018-07-27', '0.73888', 0, 0),
(78, 100, 'PTR', 'EUR', 'HKD', '2018-07-27', '9.13700', 0, 0),
(79, 100, 'PTR', 'EUR', 'USD', '2018-07-27', '1.16491', 0, 0),
(80, 100, 'PTR', 'HKD', 'EUR', '2018-07-27', '0.10945', 0, 0),
(81, 100, 'PTR', 'SGD', 'USD', '2018-07-27', '0.73389', 0, 0),
(82, 100, 'PTR', 'USD', 'IDR', '2018-07-27', '14.46036', 0, 0),
(83, 100, 'M', 'AUD', 'USD', '2018-07-27', '0.73835', 0, 0),
(84, 100, 'M', 'CAD', 'IDR', '2018-07-27', '11.08577', 0, 0),
(85, 100, 'M', 'CAD', 'USD', '2018-07-27', '0.76543', 0, 0),
(86, 100, 'M', 'CHF', 'IDR', '2018-07-27', '14.57484', 0, 0),
(87, 100, 'M', 'CHF', 'USD', '2018-07-27', '1.00634', 0, 0),
(88, 100, 'M', 'CNY', 'IDR', '2018-07-27', '2.13167', 0, 0),
(89, 100, 'M', 'CNY', 'USD', '2018-07-27', '0.14718', 0, 0),
(90, 100, 'M', 'EUR', 'HKD', '2018-07-27', '9.14182', 0, 0),
(91, 100, 'M', 'EUR', 'IDR', '2018-07-27', '16.87054', 0, 0),
(92, 100, 'M', 'EUR', 'SGD', '2018-07-27', '1.58810', 0, 0),
(93, 100, 'M', 'EUR', 'USD', '2018-07-27', '1.16485', 0, 0),
(94, 100, 'M', 'GBP', 'IDR', '2018-07-27', '18.98433', 0, 0),
(95, 100, 'M', 'GBP', 'USD', '2018-07-27', '1.31080', 0, 0),
(96, 100, 'M', 'HKD', 'EUR', '2018-07-27', '0.10939', 0, 0),
(97, 100, 'M', 'HKD', 'IDR', '2018-07-27', '1.84543', 0, 0),
(98, 100, 'M', 'HKD', 'USD', '2018-07-27', '0.12742', 0, 0),
(99, 100, 'M', 'JPY', 'IDR', '2018-07-27', '130.47160', 0, 0),
(100, 100, 'M', 'JPY', 'USD', '2018-07-27', '0.00901', 0, 0),
(101, 100, 'M', 'MYR', 'IDR', '2018-07-27', '3.56068', 0, 0),
(102, 100, 'M', 'MYR', 'USD', '2018-07-27', '0.24585', 0, 0),
(103, 100, 'M', 'NOK', 'IDR', '2018-07-27', '1.76959', 0, 0),
(104, 100, 'M', 'NOK', 'USD', '2018-07-27', '0.12218', 0, 0),
(105, 100, 'M', 'NZD', 'IDR', '2018-07-27', '9.81949', 0, 0),
(106, 100, 'M', 'NZD', 'USD', '2018-07-27', '0.67800', 0, 0),
(107, 100, 'M', 'SGD', 'IDR', '2018-07-27', '10.62311', 0, 0),
(108, 100, 'M', 'SGD', 'USD', '2018-07-27', '0.73349', 0, 0),
(109, 100, 'M', 'THB', 'IDR', '2018-07-27', '433.30000', 0, 0),
(110, 100, 'M', 'THB', 'USD', '2018-07-27', '0.02992', 0, 0),
(111, 100, 'M', 'USD', 'IDR', '2018-07-27', '14.48300', 0, 0),
(112, 100, 'M', 'USDN', 'IDR', '2018-07-27', '14.48300', 0, 0),
(113, 100, 'M', 'USDN', 'SGD', '2018-07-27', '1.36335', 0, 0),
(114, 100, 'PES', 'AUD', 'USD', '2018-07-27', '0.73888', 0, 0),
(115, 100, 'PES', 'EUR', 'USD', '2018-07-27', '1.16491', 0, 0),
(116, 100, 'PES', 'SGD', 'USD', '2018-07-27', '0.73389', 0, 0),
(117, 100, 'PES', 'USD', 'IDR', '2018-07-27', '14.46036', 0, 0),
(118, 100, 'PTR', 'AUD', 'USD', '2018-07-27', '0.73888', 0, 0),
(119, 100, 'PTR', 'EUR', 'HKD', '2018-07-27', '9.13700', 0, 0),
(120, 100, 'PTR', 'EUR', 'USD', '2018-07-27', '1.16491', 0, 0),
(121, 100, 'PTR', 'HKD', 'EUR', '2018-07-27', '0.10945', 0, 0),
(122, 100, 'PTR', 'SGD', 'USD', '2018-07-27', '0.73389', 0, 0),
(123, 100, 'PTR', 'USD', 'IDR', '2018-07-27', '14.46036', 0, 0),
(124, 100, 'M', 'AUD', 'USD', '2018-07-27', '0.73835', 0, 0),
(125, 100, 'M', 'CAD', 'IDR', '2018-07-27', '11.08577', 0, 0),
(126, 100, 'M', 'CAD', 'USD', '2018-07-27', '0.76543', 0, 0),
(127, 100, 'M', 'CHF', 'IDR', '2018-07-27', '14.57484', 0, 0),
(128, 100, 'M', 'CHF', 'USD', '2018-07-27', '1.00634', 0, 0),
(129, 100, 'M', 'CNY', 'IDR', '2018-07-27', '2.13167', 0, 0),
(130, 100, 'M', 'CNY', 'USD', '2018-07-27', '0.14718', 0, 0),
(131, 100, 'M', 'EUR', 'HKD', '2018-07-27', '9.14182', 0, 0),
(132, 100, 'M', 'EUR', 'IDR', '2018-07-27', '16.87054', 0, 0),
(133, 100, 'M', 'EUR', 'SGD', '2018-07-27', '1.58810', 0, 0),
(134, 100, 'M', 'EUR', 'USD', '2018-07-27', '1.16485', 0, 0),
(135, 100, 'M', 'GBP', 'IDR', '2018-07-27', '18.98433', 0, 0),
(136, 100, 'M', 'GBP', 'USD', '2018-07-27', '1.31080', 0, 0),
(137, 100, 'M', 'HKD', 'EUR', '2018-07-27', '0.10939', 0, 0),
(138, 100, 'M', 'HKD', 'IDR', '2018-07-27', '1.84543', 0, 0),
(139, 100, 'M', 'HKD', 'USD', '2018-07-27', '0.12742', 0, 0),
(140, 100, 'M', 'JPY', 'IDR', '2018-07-27', '130.47160', 0, 0),
(141, 100, 'M', 'JPY', 'USD', '2018-07-27', '0.00901', 0, 0),
(142, 100, 'M', 'MYR', 'IDR', '2018-07-27', '3.56068', 0, 0),
(143, 100, 'M', 'MYR', 'USD', '2018-07-27', '0.24585', 0, 0),
(144, 100, 'M', 'NOK', 'IDR', '2018-07-27', '1.76959', 0, 0),
(145, 100, 'M', 'NOK', 'USD', '2018-07-27', '0.12218', 0, 0),
(146, 100, 'M', 'NZD', 'IDR', '2018-07-27', '9.81949', 0, 0),
(147, 100, 'M', 'NZD', 'USD', '2018-07-27', '0.67800', 0, 0),
(148, 100, 'M', 'SGD', 'IDR', '2018-07-27', '10.62311', 0, 0),
(149, 100, 'M', 'SGD', 'USD', '2018-07-27', '0.73349', 0, 0),
(150, 100, 'M', 'THB', 'IDR', '2018-07-27', '433.30000', 0, 0),
(151, 100, 'M', 'THB', 'USD', '2018-07-27', '0.02992', 0, 0),
(152, 100, 'M', 'USD', 'IDR', '2018-07-27', '14.48300', 0, 0),
(153, 100, 'M', 'USDN', 'IDR', '2018-07-27', '14.48300', 0, 0),
(154, 100, 'M', 'USDN', 'SGD', '2018-07-27', '1.36335', 0, 0),
(155, 100, 'PES', 'AUD', 'USD', '2018-07-27', '0.73888', 0, 0),
(156, 100, 'PES', 'EUR', 'USD', '2018-07-27', '1.16491', 0, 0),
(157, 100, 'PES', 'SGD', 'USD', '2018-07-27', '0.73389', 0, 0),
(158, 100, 'PES', 'USD', 'IDR', '2018-07-27', '14.46036', 0, 0),
(159, 100, 'PTR', 'AUD', 'USD', '2018-07-27', '0.73888', 0, 0),
(160, 100, 'PTR', 'EUR', 'HKD', '2018-07-27', '9.13700', 0, 0),
(161, 100, 'PTR', 'EUR', 'USD', '2018-07-27', '1.16491', 0, 0),
(162, 100, 'PTR', 'HKD', 'EUR', '2018-07-27', '0.10945', 0, 0),
(163, 100, 'PTR', 'SGD', 'USD', '2018-07-27', '0.73389', 0, 0),
(164, 100, 'PTR', 'USD', 'IDR', '2018-07-27', '14.46036', 0, 0),
(165, 100, 'M', 'AUD', 'USD', '2018-07-27', '0.73835', 0, 0),
(166, 100, 'M', 'CAD', 'IDR', '2018-07-27', '11.08577', 0, 0),
(167, 100, 'M', 'CAD', 'USD', '2018-07-27', '0.76543', 0, 0),
(168, 100, 'M', 'CHF', 'IDR', '2018-07-27', '14.57484', 0, 0),
(169, 100, 'M', 'CHF', 'USD', '2018-07-27', '1.00634', 0, 0),
(170, 100, 'M', 'CNY', 'IDR', '2018-07-27', '2.13167', 0, 0),
(171, 100, 'M', 'CNY', 'USD', '2018-07-27', '0.14718', 0, 0),
(172, 100, 'M', 'EUR', 'HKD', '2018-07-27', '9.14182', 0, 0),
(173, 100, 'M', 'EUR', 'IDR', '2018-07-27', '16.87054', 0, 0),
(174, 100, 'M', 'EUR', 'SGD', '2018-07-27', '1.58810', 0, 0),
(175, 100, 'M', 'EUR', 'USD', '2018-07-27', '1.16485', 0, 0),
(176, 100, 'M', 'GBP', 'IDR', '2018-07-27', '18.98433', 0, 0),
(177, 100, 'M', 'GBP', 'USD', '2018-07-27', '1.31080', 0, 0),
(178, 100, 'M', 'HKD', 'EUR', '2018-07-27', '0.10939', 0, 0),
(179, 100, 'M', 'HKD', 'IDR', '2018-07-27', '1.84543', 0, 0),
(180, 100, 'M', 'HKD', 'USD', '2018-07-27', '0.12742', 0, 0),
(181, 100, 'M', 'JPY', 'IDR', '2018-07-27', '130.47160', 0, 0),
(182, 100, 'M', 'JPY', 'USD', '2018-07-27', '0.00901', 0, 0),
(183, 100, 'M', 'MYR', 'IDR', '2018-07-27', '3.56068', 0, 0),
(184, 100, 'M', 'MYR', 'USD', '2018-07-27', '0.24585', 0, 0),
(185, 100, 'M', 'NOK', 'IDR', '2018-07-27', '1.76959', 0, 0),
(186, 100, 'M', 'NOK', 'USD', '2018-07-27', '0.12218', 0, 0),
(187, 100, 'M', 'NZD', 'IDR', '2018-07-27', '9.81949', 0, 0),
(188, 100, 'M', 'NZD', 'USD', '2018-07-27', '0.67800', 0, 0),
(189, 100, 'M', 'SGD', 'IDR', '2018-07-27', '10.62311', 0, 0),
(190, 100, 'M', 'SGD', 'USD', '2018-07-27', '0.73349', 0, 0),
(191, 100, 'M', 'THB', 'IDR', '2018-07-27', '433.30000', 0, 0),
(192, 100, 'M', 'THB', 'USD', '2018-07-27', '0.02992', 0, 0),
(193, 100, 'M', 'USD', 'IDR', '2018-07-27', '14.48300', 0, 0),
(194, 100, 'M', 'USDN', 'IDR', '2018-07-27', '14.48300', 0, 0),
(195, 100, 'M', 'USDN', 'SGD', '2018-07-27', '1.36335', 0, 0),
(196, 100, 'PES', 'AUD', 'USD', '2018-07-27', '0.73888', 0, 0),
(197, 100, 'PES', 'EUR', 'USD', '2018-07-27', '1.16491', 0, 0),
(198, 100, 'PES', 'SGD', 'USD', '2018-07-27', '0.73389', 0, 0),
(199, 100, 'PES', 'USD', 'IDR', '2018-07-27', '14.46036', 0, 0),
(200, 100, 'PTR', 'AUD', 'USD', '2018-07-27', '0.73888', 0, 0),
(201, 100, 'PTR', 'EUR', 'HKD', '2018-07-27', '9.13700', 0, 0),
(202, 100, 'PTR', 'EUR', 'USD', '2018-07-27', '1.16491', 0, 0),
(203, 100, 'PTR', 'HKD', 'EUR', '2018-07-27', '0.10945', 0, 0),
(204, 100, 'PTR', 'SGD', 'USD', '2018-07-27', '0.73389', 0, 0),
(205, 100, 'PTR', 'USD', 'IDR', '2018-07-27', '14.46036', 0, 0),
(206, 100, 'M', 'AUD', 'USD', '2018-07-27', '0.73835', 0, 0),
(207, 100, 'M', 'CAD', 'IDR', '2018-07-27', '11.08577', 0, 0),
(208, 100, 'M', 'CAD', 'USD', '2018-07-27', '0.76543', 0, 0),
(209, 100, 'M', 'CHF', 'IDR', '2018-07-27', '14.57484', 0, 0),
(210, 100, 'M', 'CHF', 'USD', '2018-07-27', '1.00634', 0, 0),
(211, 100, 'M', 'CNY', 'IDR', '2018-07-27', '2.13167', 0, 0),
(212, 100, 'M', 'CNY', 'USD', '2018-07-27', '0.14718', 0, 0),
(213, 100, 'M', 'EUR', 'HKD', '2018-07-27', '9.14182', 0, 0),
(214, 100, 'M', 'EUR', 'IDR', '2018-07-27', '16.87054', 0, 0),
(215, 100, 'M', 'EUR', 'SGD', '2018-07-27', '1.58810', 0, 0),
(216, 100, 'M', 'EUR', 'USD', '2018-07-27', '1.16485', 0, 0),
(217, 100, 'M', 'GBP', 'IDR', '2018-07-27', '18.98433', 0, 0),
(218, 100, 'M', 'GBP', 'USD', '2018-07-27', '1.31080', 0, 0),
(219, 100, 'M', 'HKD', 'EUR', '2018-07-27', '0.10939', 0, 0),
(220, 100, 'M', 'HKD', 'IDR', '2018-07-27', '1.84543', 0, 0),
(221, 100, 'M', 'HKD', 'USD', '2018-07-27', '0.12742', 0, 0),
(222, 100, 'M', 'JPY', 'IDR', '2018-07-27', '130.47160', 0, 0),
(223, 100, 'M', 'JPY', 'USD', '2018-07-27', '0.00901', 0, 0),
(224, 100, 'M', 'MYR', 'IDR', '2018-07-27', '3.56068', 0, 0),
(225, 100, 'M', 'MYR', 'USD', '2018-07-27', '0.24585', 0, 0),
(226, 100, 'M', 'NOK', 'IDR', '2018-07-27', '1.76959', 0, 0),
(227, 100, 'M', 'NOK', 'USD', '2018-07-27', '0.12218', 0, 0),
(228, 100, 'M', 'NZD', 'IDR', '2018-07-27', '9.81949', 0, 0),
(229, 100, 'M', 'NZD', 'USD', '2018-07-27', '0.67800', 0, 0),
(230, 100, 'M', 'SGD', 'IDR', '2018-07-27', '10.62311', 0, 0),
(231, 100, 'M', 'SGD', 'USD', '2018-07-27', '0.73349', 0, 0),
(232, 100, 'M', 'THB', 'IDR', '2018-07-27', '433.30000', 0, 0),
(233, 100, 'M', 'THB', 'USD', '2018-07-27', '0.02992', 0, 0),
(234, 100, 'M', 'USD', 'IDR', '2018-07-27', '14.48300', 0, 0),
(235, 100, 'M', 'USDN', 'IDR', '2018-07-27', '14.48300', 0, 0),
(236, 100, 'M', 'USDN', 'SGD', '2018-07-27', '1.36335', 0, 0),
(237, 100, 'PES', 'AUD', 'USD', '2018-07-27', '0.73888', 0, 0),
(238, 100, 'PES', 'EUR', 'USD', '2018-07-27', '1.16491', 0, 0),
(239, 100, 'PES', 'SGD', 'USD', '2018-07-27', '0.73389', 0, 0),
(240, 100, 'PES', 'USD', 'IDR', '2018-07-27', '14.46036', 0, 0),
(241, 100, 'PTR', 'AUD', 'USD', '2018-07-27', '0.73888', 0, 0),
(242, 100, 'PTR', 'EUR', 'HKD', '2018-07-27', '9.13700', 0, 0),
(243, 100, 'PTR', 'EUR', 'USD', '2018-07-27', '1.16491', 0, 0),
(244, 100, 'PTR', 'HKD', 'EUR', '2018-07-27', '0.10945', 0, 0),
(245, 100, 'PTR', 'SGD', 'USD', '2018-07-27', '0.73389', 0, 0),
(246, 100, 'PTR', 'USD', 'IDR', '2018-07-27', '14.46036', 0, 0);

-- --------------------------------------------------------

--
-- Table structure for table `matauang`
--

CREATE TABLE `matauang` (
  `nama_matauang` varchar(100) NOT NULL,
  `kode_matauang` varchar(5) NOT NULL
) ENGINE=InnoDB DEFAULT CHARSET=latin1;

--
-- Dumping data for table `matauang`
--

INSERT INTO `matauang` (`nama_matauang`, `kode_matauang`) VALUES
('Australian Dollar', 'AUD'),
('Brunei Dollar', 'BND'),
('Canadian Dollar', 'CAD'),
('Swiss Franc', 'CHF'),
('Chinese Yuan (offshore)', 'CNH'),
('Chinese Yuan', 'CNY'),
('Danish Krone', 'DKK'),
('Euro', 'EUR'),
('Pound Sterling', 'GBP'),
('Hong Kong Dollar', 'HKD'),
('Indonesian Rupiah', 'IDR'),
('Japanese Yen', 'JPY'),
('South Korean Won', 'KRW'),
('Kwaiti Dinar', 'KWD'),
('Laotian Kip', 'LAK'),
('Malaysian Ringgit', 'MYR'),
('Norwegian Krone', 'NOK'),
('New Zealand Dollar', 'NZD'),
('Papua New Guinean Kina', 'PGK'),
('Philippine Peso', 'PHP'),
('Saudi Riyal', 'SAR'),
('Swedish Krona', 'SEK'),
('Singapore Dollar', 'SGD'),
('Thai Baht', 'THB'),
('US Dollar', 'USD'),
('Vietnamese Dong', 'VND');

-- --------------------------------------------------------

--
-- Table structure for table `source`
--

CREATE TABLE `source` (
  `id_source` int(11) NOT NULL,
  `nama_source` varchar(50) NOT NULL,
  `deskripsi` varchar(100) NOT NULL
) ENGINE=InnoDB DEFAULT CHARSET=latin1;

--
-- Dumping data for table `source`
--

INSERT INTO `source` (`id_source`, `nama_source`, `deskripsi`) VALUES
(1, 'BI', 'Bank Indonesia'),
(2, 'MAS', 'Monetary Authority of Singapore'),
(3, 'HSBC', 'Hongkong and Shanghai Banking Corporation'),
(4, 'YF', 'Yahoo Finance');

-- --------------------------------------------------------

--
-- Structure for view `exchange_rate`
--
DROP TABLE IF EXISTS `exchange_rate`;

CREATE ALGORITHM=UNDEFINED DEFINER=`root`@`localhost` SQL SECURITY DEFINER VIEW `exchange_rate`  AS  select `s`.`id_source` AS `ID_SOURCE`,`s`.`nama_source` AS `SOURCE`,`m`.`kode_matauang` AS `KODE`,`m`.`nama_matauang` AS `MATA_UANG`,`e`.`nilai` AS `NILAI`,`e`.`tanggal` AS `TANGGAL`,`e`.`kurs_jual` AS `KURS_JUAL`,`e`.`kurs_beli` AS `KURS_BELI`,`e`.`kurs_tengah` AS `KURS_TENGAH` from ((`source` `s` join `matauang` `m`) join `ex_rate` `e`) where ((`s`.`id_source` = `e`.`id_source`) and (`m`.`kode_matauang` = `e`.`kode_matauang`)) ;

--
-- Indexes for dumped tables
--

--
-- Indexes for table `ex_rate`
--
ALTER TABLE `ex_rate`
  ADD PRIMARY KEY (`id_source`,`kode_matauang`,`tanggal`),
  ADD KEY `kode_matauang` (`kode_matauang`);

--
-- Indexes for table `import`
--
ALTER TABLE `import`
  ADD PRIMARY KEY (`id`);

--
-- Indexes for table `matauang`
--
ALTER TABLE `matauang`
  ADD PRIMARY KEY (`kode_matauang`);

--
-- Indexes for table `source`
--
ALTER TABLE `source`
  ADD PRIMARY KEY (`id_source`);

--
-- AUTO_INCREMENT for dumped tables
--

--
-- AUTO_INCREMENT for table `import`
--
ALTER TABLE `import`
  MODIFY `id` int(11) NOT NULL AUTO_INCREMENT, AUTO_INCREMENT=247;

--
-- Constraints for dumped tables
--

--
-- Constraints for table `ex_rate`
--
ALTER TABLE `ex_rate`
  ADD CONSTRAINT `ex_rate_ibfk_1` FOREIGN KEY (`id_source`) REFERENCES `source` (`id_source`) ON UPDATE CASCADE,
  ADD CONSTRAINT `ex_rate_ibfk_2` FOREIGN KEY (`kode_matauang`) REFERENCES `matauang` (`kode_matauang`) ON UPDATE CASCADE;
COMMIT;

/*!40101 SET CHARACTER_SET_CLIENT=@OLD_CHARACTER_SET_CLIENT */;
/*!40101 SET CHARACTER_SET_RESULTS=@OLD_CHARACTER_SET_RESULTS */;
/*!40101 SET COLLATION_CONNECTION=@OLD_COLLATION_CONNECTION */;
